localityId, localityName, dataId, x, y, latitude, longitude, zone, altitude, horiz_precision, vert_precision, planeType, dip, dipAzimuth, strike, declination, unitId, timedate, notes
8fac5ab2ecf3137daa70fec1b62c04c6, Locality 1, 853b5467835bc39a1c665e6ca09e7cb9, 579609.58053721, 5617821.83412915, 50.70675369, 100.12745337, 47U, 4.00000000, 5.00000000, -1.00000000, Bedding, 61.21836472, 77.13974762, 347.13973999, -1.39611816, Dl, Sun Aug 13 21:34:09 2017, 
8fac5ab2ecf3137daa70fec1b62c04c6, Locality 1, af9d5c2da586ec65f619b937b31221b2, 579605.75636363, 5617810.56578493, 50.70665290, 100.12739679, 47U, 8.00000000, 5.00000000, -1.00000000, Bedding, 60.21280670, 84.10974121, 354.10974121, -1.39611816, Dl, Sun Aug 13 21:33:12 2017, 
8fac5ab2ecf3137daa70fec1b62c04c6, Locality 1, e2b0080937768aecc559abd9cd0a1fd8, 579603.06552017, 5617766.85901953, 50.70626029, 100.12734926, 47U, 6.00000000, 5.00000000, -1.00000000, Bedding, 86.05345154, 335.95739746, 245.95739746, -1.39611816, Limestone, Sun Aug 13 21:31:35 2017, 
8fac5ab2ecf3137daa70fec1b62c04c6, Locality 1, 9ba9ce33fdbfb81b72fadf9eec184e02, 579603.62120924, 5617766.90943284, 50.70626067, 100.12735714, 47U, 4.00000000, 5.00000000, -1.00000000, Bedding, 81.35924530, 339.10906982, 249.10906982, -1.39611816, Dl, Sun Aug 13 21:31:06 2017, 
8fac5ab2ecf3137daa70fec1b62c04c6, Locality 1, 74f5daec599b39193012130ebc5f39be, 584155.06234132, 5622052.98930311, 50.74415567, 100.19277890, 47U, 6.00000000, 10.00000000, -1.00000000, Bedding, 88.85366058, 304.99990845, 214.99990845, -1.39611816, Carb breccia, Sun Aug 13 05:56:29 2017, 
8fac5ab2ecf3137daa70fec1b62c04c6, Locality 1, d4dc46935f15a4dbab3126dc8655779d, 584093.22106684, 5622084.48657797, 50.74444782, 100.19190978, 47U, 8.00000000, 5.00000000, -1.00000000, Cleavage, 32.47580719, 93.41387177, 3.41387177, -1.39611816, Khesen, Sun Aug 13 05:53:13 2017, 
8fac5ab2ecf3137daa70fec1b62c04c6, Locality 1, c7181d52035ce2c2dc996a8d9c744a7b, 584079.76672889, 5622085.43516365, 50.74445830, 100.19171935, 47U, 6.00000000, 5.00000000, -1.00000000, Cleavage, 54.39081192, 109.43674469, 19.43674469, -1.39611816, Khesen, Sun Aug 13 05:52:08 2017, 
8fac5ab2ecf3137daa70fec1b62c04c6, Locality 1, f41e6cac0863f1523b5e359c21a4a246, 584080.24088848, 5622086.47761017, 50.74446760, 100.19172630, 47U, 8.00000000, 5.00000000, -1.00000000, Cleavage, 35.48041916, 100.63684082, 10.63684082, -1.39611816, Khesen, Sun Aug 13 05:51:36 2017, 
8fac5ab2ecf3137daa70fec1b62c04c6, Locality 1, 369d036c651fcdc35a4738d4bffdb7ad, 583967.44918509, 5622136.30915526, 50.74493196, 100.19013936, 47U, 8.00000000, 5.00000000, -1.00000000, OT, 79.90028381, 98.45231628, 8.45231628, -1.39611816, Limestone, Sun Aug 13 05:47:06 2017, 
8fac5ab2ecf3137daa70fec1b62c04c6, Locality 1, 34b41a6e6e24a001945c134aa12875da, 583953.65977502, 5622163.61697368, 50.74517948, 100.18995018, 47U, 6.00000000, 5.00000000, -1.00000000, Bedding, 71.10842133, 304.35876465, 214.35876465, -1.39611816, Phosphatic chert, Sun Aug 13 05:44:11 2017, 
8fac5ab2ecf3137daa70fec1b62c04c6, Locality 1, e616ff4aca0c58af9d49e60565aa7754, 583955.07278234, 5622164.02658876, 50.74518295, 100.18997029, 47U, 4.00000000, 5.00000000, -1.00000000, Bedding, 66.84510803, 309.53637695, 219.53637695, -1.39611816, Phosphatic chert, Sun Aug 13 05:43:31 2017, 
8fac5ab2ecf3137daa70fec1b62c04c6, Locality 1, 6e87273afced9ed7e107001fec875313, 583944.94002644, 5622164.78655531, 50.74519125, 100.18982688, 47U, 4.00000000, 5.00000000, -1.00000000, Bedding, 66.45984650, 287.52224731, 197.52224731, -1.39611816, Dl, Sun Aug 13 05:42:33 2017, 
8fac5ab2ecf3137daa70fec1b62c04c6, Locality 1, 2da82f71170b4160725c5d91384aef2f, 583873.31370167, 5622172.99965649, 50.74527545, 100.18881376, 47U, 4.00000000, 5.00000000, -1.00000000, Bedding, 74.76671600, 304.98388672, 214.98388672, -1.39611816, Dl, Sun Aug 13 05:39:00 2017, 
8fac5ab2ecf3137daa70fec1b62c04c6, Locality 1, b024a8928415a554065d191071a371c1, 583864.00430971, 5622170.37492502, 50.74525320, 100.18868124, 47U, 4.00000000, 5.00000000, -1.00000000, Fault, 72.22088623, 58.00905991, 328.00906372, -1.39611816, Fault, Sun Aug 13 05:38:00 2017, 
8fac5ab2ecf3137daa70fec1b62c04c6, Locality 1, 41d337ee423084db226b2fdde95583b3, 583852.62384764, 5622171.11502315, 50.74526149, 100.18852014, 47U, 4.00000000, 5.00000000, -1.00000000, Bedding, 72.44763184, 298.03326416, 208.03326416, -1.39611816, Dl, Sun Aug 13 05:36:25 2017, 
8fac5ab2ecf3137daa70fec1b62c04c6, Locality 1, 59f6c7572144e6314844a44219f8022d, 583840.95572675, 5622173.19297855, 50.74528186, 100.18835527, 47U, 3.00000000, 5.00000000, -1.00000000, Fault, 40.80495071, 116.34907532, 26.34907532, -1.39611816, Fault, Sun Aug 13 05:35:30 2017, 
8fac5ab2ecf3137daa70fec1b62c04c6, Locality 1, fc8f65fd38fbcd507d3f4459cad7804c, 583839.15849078, 5622175.34559675, 50.74530147, 100.18833029, 47U, 3.00000000, 5.00000000, -1.00000000, Fault, 73.26815033, 326.10565186, 236.10565186, -1.39611816, Fault, Sun Aug 13 05:33:38 2017, 
8fac5ab2ecf3137daa70fec1b62c04c6, Locality 1, de48698463ae4fc7ac058649f6952ff7, 583831.55403023, 5622173.00001887, 50.74528148, 100.18822200, 47U, 3.00000000, 5.00000000, -1.00000000, Bedding, 83.37756348, 305.39654541, 215.39654541, -1.39611816, Dl, Sun Aug 13 05:31:59 2017, 
8fac5ab2ecf3137daa70fec1b62c04c6, Locality 1, 0f11125d90f466c9276019f02b2fd1dc, 583812.22303580, 5622180.42267016, 50.74535101, 100.18794975, 47U, 12.00000000, 5.00000000, -1.00000000, Bedding, 68.12852478, 296.91113281, 206.91113281, -1.39611816, Dl, Sun Aug 13 05:31:24 2017, 
8fac5ab2ecf3137daa70fec1b62c04c6, Locality 1, c505ce48a8ecfd8d9db1fd374bc8333f, 584239.38634252, 5622446.35130217, 50.74768013, 100.19406376, 47U, 3.00000000, 5.00000000, -1.00000000, Cleavage, 63.25991821, 108.75174713, 18.75174713, -1.39611816, Ongoluk, Sun Aug 13 02:57:51 2017, 
8fac5ab2ecf3137daa70fec1b62c04c6, Locality 1, 69162b51ef6e51044fe781783ef41363, 584239.49979141, 5622446.65145694, 50.74768282, 100.19406544, 47U, 3.00000000, 5.00000000, -1.00000000, Bedding, 57.40791321, 96.64219666, 6.64219666, -1.39611816, Ongoluk, Sun Aug 13 02:57:04 2017, 
8fac5ab2ecf3137daa70fec1b62c04c6, Locality 1, a55e8c3785161d652ae6d9736b04cbb0, 584219.53607528, 5622430.26174784, 50.74753835, 100.19377878, 47U, 3.00000000, 5.00000000, -1.00000000, Bedding, 77.83745575, 95.44845581, 5.44845581, -1.39611816, Ongoluk, Sun Aug 13 02:54:29 2017, 
8fac5ab2ecf3137daa70fec1b62c04c6, Locality 1, 6d15c3aa286a81f2b23794f3b8d7afa8, 584220.79422343, 5622430.36595366, 50.74753911, 100.19379663, 47U, 3.00000000, 5.00000000, -1.00000000, Bedding, 78.06390381, 102.09597015, 12.09597015, -1.39611816, Ongoluk, Sun Aug 13 02:54:06 2017, 
8fac5ab2ecf3137daa70fec1b62c04c6, Locality 1, ae78eb196b4ecd6b6dd64827340b3b0a, 584211.29474527, 5622424.53053888, 50.74748802, 100.19366068, 47U, 3.00000000, 5.00000000, -1.00000000, Bedding, 88.20148468, 280.11782837, 190.11782837, -1.39611816, Carb breccia, Sun Aug 13 02:52:44 2017, 
8fac5ab2ecf3137daa70fec1b62c04c6, Locality 1, fce11aa75c63104216ebbe4775e672fe, 584184.67194347, 5622419.07616234, 50.74744284, 100.19328215, 47U, 3.00000000, 5.00000000, -1.00000000, Bedding, 65.59407806, 278.99285889, 188.99285889, -1.39611816, Carb breccia, Sun Aug 13 02:51:24 2017, 
8fac5ab2ecf3137daa70fec1b62c04c6, Locality 1, d48fad0e515e7d276289147bbc0dd083, 584184.29066950, 5622418.87889895, 50.74744112, 100.19327670, 47U, 3.00000000, 5.00000000, -1.00000000, Bedding, 62.78721237, 286.63760376, 196.63760376, -1.39611816, Carb breccia, Sun Aug 13 02:51:12 2017, 
8fac5ab2ecf3137daa70fec1b62c04c6, Locality 1, c96ead71f578af8a9684085834b9cf2e, 584098.08455128, 5622413.33124753, 50.74740374, 100.19205378, 47U, 3.00000000, 5.00000000, -1.00000000, Bedding, 70.51805115, 282.96224976, 192.96224976, -1.39611816, Phosphorite, Sun Aug 13 02:46:45 2017, 
8fac5ab2ecf3137daa70fec1b62c04c6, Locality 1, 1b11f055ac6033295c2a25a96dd4dc0b, 584097.97944694, 5622413.61389348, 50.74740630, 100.19205236, 47U, 3.00000000, 5.00000000, -1.00000000, Bedding, 58.67242432, 250.57263184, 160.57263184, -1.39611816, Phosphorite, Sun Aug 13 02:46:11 2017, 
8fac5ab2ecf3137daa70fec1b62c04c6, Locality 1, 4b02edaf7484bbd45613c29ba7de7a08, 584061.58033817, 5622416.91970354, 50.74744129, 100.19153729, 47U, 4.00000000, 5.00000000, -1.00000000, Bedding, 52.67721176, 295.83883667, 205.83883667, -1.39611816, Phosphatic chert, Sun Aug 13 02:43:35 2017, 
8fac5ab2ecf3137daa70fec1b62c04c6, Locality 1, 1dfc9e26d171a7f7942b415ddcdde562, 584054.88263201, 5622414.12226164, 50.74741711, 100.19144174, 47U, 4.00000000, 5.00000000, -1.00000000, Bedding, 61.59046173, 276.19998169, 186.19998169, -1.39611816, Dl, Sun Aug 13 02:42:46 2017, 
8fac5ab2ecf3137daa70fec1b62c04c6, Locality 1, f82800d9909155ef0feaffca8b5c8036, 584034.40378482, 5622426.37800758, 50.74753026, 100.19115432, 47U, 4.00000000, 5.00000000, -1.00000000, Bedding, 71.75753784, 284.37673950, 194.37673950, -1.39611816, Dl, Sun Aug 13 02:41:53 2017, 
8fac5ab2ecf3137daa70fec1b62c04c6, Locality 1, d4eafde4abebf8eed05551f04499200b, 584030.57828180, 5622429.97087521, 50.74756312, 100.19110093, 47U, 4.00000000, 5.00000000, -1.00000000, Bedding, 70.37664795, 290.27743530, 200.27743530, -1.39611816, Dl, Sun Aug 13 02:41:26 2017, 
8fac5ab2ecf3137daa70fec1b62c04c6, Locality 1, e50bd069c0ecf27108ffa5b39c01e9bf, 584060.78731539, 5622397.85152584, 50.74726996, 100.19152170, 47U, 3.00000000, 5.00000000, -1.00000000, Bedding, 72.42587280, 291.48300171, 201.48300171, -1.39611816, Phosphatic chert, Sun Aug 13 02:37:54 2017, 
8fac5ab2ecf3137daa70fec1b62c04c6, Locality 1, 1449feccf3ed12d263311f89a430a51c, 584067.90517617, 5622394.02736984, 50.74723455, 100.19162170, 47U, 3.00000000, 5.00000000, -1.00000000, Bedding, 59.83473969, 281.55596924, 191.55596924, -1.39611816, Limestone, Sun Aug 13 02:35:49 2017, 
8fac5ab2ecf3137daa70fec1b62c04c6, Locality 1, da46e407bb25c3c3465a8ffd6e8a69af, 584103.34640948, 5622379.70082673, 50.74710061, 100.19212067, 47U, 3.00000000, 5.00000000, -1.00000000, Bedding, 71.62976074, 302.01177979, 212.01177979, -1.39611816, Phosphorite, Sun Aug 13 02:27:35 2017, 
8fac5ab2ecf3137daa70fec1b62c04c6, Locality 1, 70641271987e2cedb6942a6af8c8e160, 584103.34640948, 5622379.70082673, 50.74710061, 100.19212067, 47U, 3.00000000, 5.00000000, -1.00000000, Bedding, 75.76380920, 307.30368042, 217.30368042, -1.39611816, Phosphorite, Sun Aug 13 02:26:35 2017, 
8fac5ab2ecf3137daa70fec1b62c04c6, Locality 1, 1632c01c967b56745f1cc94f2333c60a, 584107.00967545, 5622377.00502756, 50.74707584, 100.19217197, 47U, 3.00000000, 5.00000000, -1.00000000, Bedding, 53.48219681, 289.52154541, 199.52154541, -1.39611816, Phosphorite, Sun Aug 13 02:25:38 2017, 
8fac5ab2ecf3137daa70fec1b62c04c6, Locality 1, 1c078fea2e54d683cd20a52457f8d9e7, 584112.54316968, 5622375.70513262, 50.74706335, 100.19225009, 47U, 4.00000000, 5.00000000, -1.00000000, Bedding, 78.21648407, 278.93225098, 188.93225098, -1.39611816, Phosphorite, Sun Aug 13 02:25:01 2017, 
8fac5ab2ecf3137daa70fec1b62c04c6, Locality 1, 7d265906bbd6a6192acd355a499080fc, 584115.67460449, 5622374.81401564, 50.74705489, 100.19229426, 47U, 3.00000000, 5.00000000, -1.00000000, Bedding, 69.75852966, 266.84280396, 176.84280396, -1.39611816, Phosphorite, Sun Aug 13 02:24:00 2017, 
8fac5ab2ecf3137daa70fec1b62c04c6, Locality 1, b40538892d5aa2481ff9e32223127b79, 584115.67460449, 5622374.81401564, 50.74705489, 100.19229426, 47U, 3.00000000, 5.00000000, -1.00000000, Bedding, 68.73185730, 261.53683472, 171.53683472, -1.39611816, Phosphorite, Sun Aug 13 02:23:46 2017, 
8fac5ab2ecf3137daa70fec1b62c04c6, Locality 1, b02a39c30c3d87034ca7f4d1e440bfea, 584132.03409027, 5622365.68516882, 50.74697044, 100.19252401, 47U, 12.00000000, 10.00000000, -1.00000000, Bedding, 81.99567413, 100.67764282, 10.67764282, -1.39611816, Siltstone, Sun Aug 13 02:18:33 2017, 
8fac5ab2ecf3137daa70fec1b62c04c6, Locality 1, cca088740188eafba1956319658ec5da, 584145.83070533, 5622354.46873996, 50.74686759, 100.19271696, 47U, 3.00000000, 5.00000000, -1.00000000, Bedding, 63.94580078, 108.55477905, 18.55477905, -1.39611816, Siltstone, Sun Aug 13 02:17:20 2017, 
8fac5ab2ecf3137daa70fec1b62c04c6, Locality 1, e209775ecebb131509d7ae77e975d294, 584145.56739326, 5622351.72364795, 50.74684295, 100.19271260, 47U, 4.00000000, 5.00000000, -1.00000000, Bedding, 63.74077225, 96.45703125, 6.45703125, -1.39611816, Siltstone, Sun Aug 13 02:16:46 2017, 
8fac5ab2ecf3137daa70fec1b62c04c6, Locality 1, b0de60558cece82f99cc532f402d4444, 584146.41324320, 5622352.45512563, 50.74684940, 100.19272476, 47U, 3.00000000, 5.00000000, -1.00000000, Bedding, 56.90036774, 102.66400909, 12.66400909, -1.39611816, Siltstone, Sun Aug 13 02:15:19 2017, 
8fac5ab2ecf3137daa70fec1b62c04c6, Locality 1, 2bff7ff7d37cef08eb055e02c94ba347, 584174.30630057, 5622326.47995842, 50.74661182, 100.19311409, 47U, 4.00000000, 5.00000000, -1.00000000, Cleavage, 65.01944733, 128.63134766, 38.63134766, -1.39611816, Khesen, Sun Aug 13 02:13:15 2017, 
8fac5ab2ecf3137daa70fec1b62c04c6, Locality 1, 4f00aab4dd7397a40d8c9ab3a09466b4, 584164.07775896, 5622280.00961233, 50.74619549, 100.19295853, 47U, 3.00000000, 5.00000000, -1.00000000, Cleavage, 64.93144226, 103.86566925, 13.86566925, -1.39611816, Khesen, Sun Aug 13 02:06:11 2017, 
8fac5ab2ecf3137daa70fec1b62c04c6, Locality 1, 44224444131b457d61d77d5881c3b0ac, 584103.36641236, 5622305.41396063, 50.74643270, 100.19210399, 47U, 3.00000000, 5.00000000, -1.00000000, Bedding, 73.49607849, 263.88949585, 173.88949585, -1.39611816, Siltstone, Sun Aug 13 02:03:03 2017, 
8fac5ab2ecf3137daa70fec1b62c04c6, Locality 1, f8499dc988322b1eca88c527aed210fd, 584105.38164402, 5622305.52101457, 50.74643337, 100.19213257, 47U, 3.00000000, 5.00000000, -1.00000000, Bedding, 73.39179230, 260.11282349, 170.11282349, -1.39611816, Siltstone, Sun Aug 13 02:02:25 2017, 
8fac5ab2ecf3137daa70fec1b62c04c6, Locality 1, 2b1fa5140a08974b365e52d883caf5f8, 584104.24167313, 5622306.52347052, 50.74644255, 100.19211665, 47U, 3.00000000, 5.00000000, -1.00000000, Bedding, 71.68231201, 277.65600586, 187.65600586, -1.39611816, Siltstone, Sun Aug 13 02:01:46 2017, 
8fac5ab2ecf3137daa70fec1b62c04c6, Locality 1, b3b8641c1880cabf38ae1c0ab2b7919c, 584096.74871852, 5622300.21252588, 50.74638689, 100.19200902, 47U, 3.00000000, 5.00000000, -1.00000000, Fault, 63.80617905, 82.43153381, 352.43151855, -1.39611816, Fault, Sun Aug 13 01:59:44 2017, 
8fac5ab2ecf3137daa70fec1b62c04c6, Locality 1, 418a64c0265181a3c54365608e915532, 584144.77922338, 5622296.05031004, 50.74634251, 100.19268871, 47U, 3.00000000, 5.00000000, -1.00000000, Cleavage, 85.24967957, 103.27733612, 13.27733612, -1.39611816, Khesen, Sun Aug 13 01:54:13 2017, 
8fac5ab2ecf3137daa70fec1b62c04c6, Locality 1, 8c4bdc0acd3e0d976ddd86682edc65a1, 584142.00668820, 5622296.32258194, 50.74634536, 100.19264949, 47U, 12.00000000, 5.00000000, -1.00000000, Cleavage, 80.40797424, 110.32175446, 20.32175446, -1.39611816, Khesen, Sun Aug 13 01:53:24 2017, 
8fac5ab2ecf3137daa70fec1b62c04c6, Locality 1, 320f50b4e19adde8e0cead9418d86409, 584049.32016981, 5622280.95717361, 50.74622063, 100.19133252, 47U, 4.00000000, 5.00000000, -1.00000000, Bedding, 79.19439697, 268.25579834, 178.25579834, -1.39611816, Phosphatic chert, Sun Aug 13 00:45:20 2017, 
8fac5ab2ecf3137daa70fec1b62c04c6, Locality 1, 5380bea7e14b5171267ac0904174fafd, 584052.51777426, 5622282.93844492, 50.74623798, 100.19137829, 47U, 3.00000000, 5.00000000, -1.00000000, Bedding, 69.78010559, 277.34371948, 187.34371948, -1.39611816, Phosphatic chert, Sun Aug 13 00:44:49 2017, 
8fac5ab2ecf3137daa70fec1b62c04c6, Locality 1, ea517079874dc7d1904b13e899951548, 584071.33826715, 5622288.84910616, 50.74628840, 100.19164634, 47U, 3.00000000, 5.00000000, -1.00000000, Bedding, 74.32507324, 278.17291260, 188.17291260, -1.39611816, Limestone, Sun Aug 13 00:42:57 2017, 
8fac5ab2ecf3137daa70fec1b62c04c6, Locality 1, 67b0c343b36be7e4dbf92d8ad9aa19d5, 584073.26780842, 5622288.76831518, 50.74628740, 100.19167366, 47U, 3.00000000, 5.00000000, -1.00000000, Bedding, 74.63611603, 286.82510376, 196.82510376, -1.39611816, Limestone, Sun Aug 13 00:40:48 2017, 
8fac5ab2ecf3137daa70fec1b62c04c6, Locality 1, 4de1e8864f28f67d661cd2b6af5c4943, 584087.19745522, 5622297.20126302, 50.74636120, 100.19187299, 47U, 3.00000000, 5.00000000, -1.00000000, Bedding, 61.33157349, 267.09860229, 177.09860229, -1.39611816, Limestone, Sun Aug 13 00:39:26 2017, 
8fac5ab2ecf3137daa70fec1b62c04c6, Locality 1, e76e3d67da3ec4fe0a5f7001df163794, 584096.27268794, 5622299.65482222, 50.74638194, 100.19200215, 47U, 3.00000000, 5.00000000, -1.00000000, Bedding, 45.32632828, 304.85977173, 214.85977173, -1.39611816, Phosphorite, Sun Aug 13 00:38:09 2017, 
8fac5ab2ecf3137daa70fec1b62c04c6, Locality 1, b8cd8a60e920c04ddd16dd545dd84957, 584097.25506506, 5622299.25579467, 50.74637821, 100.19201598, 47U, 3.00000000, 5.00000000, -1.00000000, Bedding, 59.16033554, 298.11511230, 208.11511230, -1.39611816, Phosphorite, Sun Aug 13 00:37:27 2017, 
8fac5ab2ecf3137daa70fec1b62c04c6, Locality 1, 7a181d88163973fa220ff4aa8f1b4ead, 584093.68855064, 5622295.57649856, 50.74634565, 100.19196460, 47U, 3.00000000, 5.00000000, -1.00000000, Bedding, 47.28257751, 265.43911743, 175.43911743, -1.39611816, Phosphorite, Sun Aug 13 00:36:48 2017, 
8fac5ab2ecf3137daa70fec1b62c04c6, Locality 1, 08e69af49be8c4dc1bc0ff07cdf1947d, 584093.49587112, 5622295.78781409, 50.74634758, 100.19196192, 47U, 3.00000000, 5.00000000, -1.00000000, Bedding, 58.66288376, 280.50674438, 190.50674438, -1.39611816, Limestone, Sun Aug 13 00:35:56 2017, 
8fac5ab2ecf3137daa70fec1b62c04c6, Locality 1, 9a1a54c74dfab3e88a1a42fabfa47fde, 584097.95974134, 5622297.36999857, 50.74636116, 100.19202554, 47U, 3.00000000, 5.00000000, -1.00000000, Fault, 47.31312943, 93.62059021, 3.62059021, -1.39611816, Fault, Sun Aug 13 00:00:40 2017, 
8fac5ab2ecf3137daa70fec1b62c04c6, Locality 1, eed07cf72c5075989eb4c4dcb089eb3b, 584430.01143640, 5621660.04823286, 50.74058284, 100.19658496, 47U, 8.00000000, 5.00000000, -1.00000000, Cleavage, 66.03079224, 163.62617493, 73.62617493, -1.39611816, Arasan, Sat Aug 12 05:15:31 2017, 
8fac5ab2ecf3137daa70fec1b62c04c6, Locality 1, 6df79250b9b34bd58ec1461c53e51e2d, 584430.40103763, 5621667.41473574, 50.74064902, 100.19659217, 47U, 32.00000000, 30.00000000, -1.00000000, Cleavage, 54.20200729, 148.44705200, 58.44705200, -1.39611816, Arasan, Sat Aug 12 05:15:04 2017, 
8fac5ab2ecf3137daa70fec1b62c04c6, Locality 1, 19e5357e222c81d555dfdbc92468f415, 584430.38123852, 5622353.23739036, 50.74681520, 100.19674907, 47U, 12.00000000, 5.00000000, -1.00000000, Cleavage, 43.59617233, 101.98741150, 11.98741150, -1.39611816, Ongoluk, Sat Aug 12 04:56:56 2017, 
8fac5ab2ecf3137daa70fec1b62c04c6, Locality 1, 7e755dffa60dffaa3905c18ba95f1440, 584368.89250949, 5622331.56084820, 50.74662925, 100.19587275, 47U, 8.00000000, 5.00000000, -1.00000000, Cleavage, 56.72233582, 101.95925140, 11.95925140, -1.39611816, Ongoluk, Sat Aug 12 04:55:33 2017, 
8fac5ab2ecf3137daa70fec1b62c04c6, Locality 1, d2a42b89811cf128eda24eabeadfe549, 584323.72981446, 5622319.67183302, 50.74652892, 100.19523002, 47U, 3.00000000, 5.00000000, -1.00000000, Cleavage, 40.16351700, 72.46197510, 342.46197510, -1.39611816, Ongoluk, Sat Aug 12 04:51:52 2017, 
8fac5ab2ecf3137daa70fec1b62c04c6, Locality 1, e938eca4db563c831d9053334d65b327, 584316.02729881, 5622316.09802949, 50.74649791, 100.19512005, 47U, 16.00000000, 10.00000000, -1.00000000, Cleavage, 53.44487381, 60.68938446, 330.68939209, -1.39611816, Ongoluk, Sat Aug 12 04:51:32 2017, 
8fac5ab2ecf3137daa70fec1b62c04c6, Locality 1, 05ead8ead387818a52d464e703fc2929, 584297.75265405, 5622310.47030915, 50.74644996, 100.19485979, 47U, 3.00000000, 5.00000000, -1.00000000, Cleavage, 46.34387589, 96.93450165, 6.93450165, -1.39611816, Ongoluk, Sat Aug 12 04:50:35 2017, 
8fac5ab2ecf3137daa70fec1b62c04c6, Locality 1, 419da10349656918ac4d574c4d4094c2, 584297.75265405, 5622310.47030915, 50.74644996, 100.19485979, 47U, 3.00000000, 5.00000000, -1.00000000, Cleavage, 51.19362259, 102.13021088, 12.13021088, -1.39611816, Ongoluk, Sat Aug 12 04:50:20 2017, 
8fac5ab2ecf3137daa70fec1b62c04c6, Locality 1, 2226638ef90dc3c801d9e967c40ad23f, 584064.96427890, 5622416.13983387, 50.74743379, 100.19158507, 47U, 3.00000000, 5.00000000, -1.00000000, Bedding, 67.43038940, 291.26870728, 201.26870728, -1.39611816, Phosphatic chert, Sat Aug 12 02:53:46 2017, 
8fac5ab2ecf3137daa70fec1b62c04c6, Locality 1, 16cd159bfc569b162b60ac4dd20cd517, 584051.54124947, 5622397.93568244, 50.74727206, 100.19139069, 47U, 3.00000000, 5.00000000, -1.00000000, Bedding, 67.27416229, 287.56784058, 197.56784058, -1.39611816, Phosphatic chert, Sat Aug 12 02:50:48 2017, 
8fac5ab2ecf3137daa70fec1b62c04c6, Locality 1, 5870dac0da0fcea41ddf4ffe0fb79e89, 583814.18535955, 5622173.14526943, 50.74528530, 100.18797590, 47U, 4.00000000, 5.00000000, -1.00000000, Bedding, 71.03018188, 292.50088501, 202.50088501, -1.39611816, Dl, Sat Aug 12 02:21:49 2017, 
8fac5ab2ecf3137daa70fec1b62c04c6, Locality 1, 789b0f86e54ee705a690587e888c89d9, 583435.01877474, 5621835.65787922, 50.74230557, 100.18252641, 47U, 12.00000000, 5.00000000, -1.00000000, Bedding, 72.14247131, 304.49642944, 214.49642944, -1.39611816, Dl, Sat Aug 12 00:41:23 2017, 
8fac5ab2ecf3137daa70fec1b62c04c6, Locality 1, 2472630bcd69e622998f59306ff53f01, 583464.43334444, 5621798.06871754, 50.74196338, 100.18293469, 47U, 6.00000000, 5.00000000, -1.00000000, Bedding, 74.09843445, 310.07693481, 220.07693481, -1.39611816, Dl, Sat Aug 12 00:28:06 2017, 
8fac5ab2ecf3137daa70fec1b62c04c6, Locality 1, 41d375a3f3ed164bf23ce65e7ecf01ae, 583554.39336678, 5621779.28251183, 50.74178154, 100.18420514, 47U, 6.00000000, 5.00000000, -1.00000000, Bedding, 56.31784058, 283.00845337, 193.00845337, -1.39611816, Limestone, Fri Aug 11 23:12:14 2017, 
8fac5ab2ecf3137daa70fec1b62c04c6, Locality 1, 11f83e0fff490e76877ba4894b45fc6b, 583763.37135905, 5621659.18193772, 50.74067160, 100.18713897, 47U, 12.00000000, 5.00000000, -1.00000000, Bedding, 69.64814758, 302.61923218, 212.61923218, -1.39611816, Limestone, Fri Aug 11 22:54:38 2017, 
8fac5ab2ecf3137daa70fec1b62c04c6, Locality 1, 97d03429f20575cde0572c737e151944, 583840.70132972, 5621599.38833385, 50.74012284, 100.18822107, 47U, 12.00000000, 10.00000000, -1.00000000, Cleavage, 75.64573669, 312.68811035, 222.68811035, -1.39611816, Khesen, Fri Aug 11 22:44:28 2017, 
8fac5ab2ecf3137daa70fec1b62c04c6, Locality 1, 799741bdabfff2dc5e0aca7c1cc0c34e, 584028.26839875, 5621507.84027401, 50.73927262, 100.19085785, 47U, 12.00000000, 5.00000000, -1.00000000, Cleavage, 73.68022156, 308.92028809, 218.92028809, -1.39611816, Ongoluk, Fri Aug 11 21:39:38 2017, 
8fac5ab2ecf3137daa70fec1b62c04c6, Locality 1, b1837561531b591b65207e302ecec329, 582729.67233388, 5637093.65895058, 50.87958971, 100.17597159, 47U, 8.00000000, 5.00000000, -1.00000000, Fault, 10.89885235, 165.61634827, 75.61634827, -1.39611816, Sturt, Fri Aug 11 06:02:24 2017, 
8fac5ab2ecf3137daa70fec1b62c04c6, Locality 1, 86e7b5e63056a44514e91a1ab7757538, 582941.91000465, 5637126.66643126, 50.87985604, 100.17899528, 47U, 6.00000000, 5.00000000, -1.00000000, Bedding, 76.36309052, 138.50122070, 48.50122070, -1.39611816, E1, Thu Aug 10 20:30:23 2017, 
8fac5ab2ecf3137daa70fec1b62c04c6, Locality 1, b72b88124ef44b4063f0064ebd02b10a, 583502.85316062, 5636511.42187747, 50.87424373, 100.18682658, 47U, 3.00000000, 5.00000000, -1.00000000, Bedding, 82.94090271, 299.97634888, 209.97634888, -1.39611816, Dl, Thu Aug 10 04:27:57 2017, 
8fac5ab2ecf3137daa70fec1b62c04c6, Locality 1, bdd4ec0db8365316057cae5f653b142d, 583338.03889310, 5636479.72122303, 50.87398251, 100.18447738, 47U, 12.00000000, 10.00000000, -1.00000000, Bedding, 40.35939789, 304.37454224, 214.37454224, -1.39611816, Limestone, Thu Aug 10 04:20:23 2017, 
8fac5ab2ecf3137daa70fec1b62c04c6, Locality 1, 77524883cd89175014a17a8de2735a1a, 583284.35449358, 5636485.98302986, 50.87404654, 100.18371597, 47U, 6.00000000, 5.00000000, -1.00000000, Bedding, 54.71837616, 120.67546844, 30.67546844, -1.39611816, Limestone, Thu Aug 10 04:15:49 2017, 
8fac5ab2ecf3137daa70fec1b62c04c6, Locality 1, 42203603a9a8219ea131b33060c7dd70, 583261.71664167, 5636483.31748323, 50.87402584, 100.18339369, 47U, 3.00000000, 5.00000000, -1.00000000, Bedding, 51.23307419, 113.47489166, 23.47489166, -1.39611816, Limestone, Thu Aug 10 04:13:52 2017, 
8fac5ab2ecf3137daa70fec1b62c04c6, Locality 1, ff36294356f8b889aba4f3311faf60ef, 583175.14940117, 5636459.95718502, 50.87382828, 100.18215828, 47U, 4.00000000, 5.00000000, -1.00000000, Bedding, 50.79373550, 146.34126282, 56.34126282, -1.39611816, Limestone, Thu Aug 10 04:05:50 2017, 
8fac5ab2ecf3137daa70fec1b62c04c6, Locality 1, 137e3226571b7bb320194fb91af2a0f6, 583095.90709725, 5636571.62535003, 50.87484366, 100.18105765, 47U, 3.00000000, 5.00000000, -1.00000000, Bedding, 67.51330566, 152.73515320, 62.73515320, -1.39611816, Mafic dike, Thu Aug 10 02:41:56 2017, 
8fac5ab2ecf3137daa70fec1b62c04c6, Locality 1, 564f659d1d543abe401f09c2d01d2811, 583056.83801575, 5636558.50346960, 50.87473130, 100.18049950, 47U, 4.00000000, 5.00000000, -1.00000000, Bedding, 62.65953064, 152.21449280, 62.21449280, -1.39611816, Ls with chert, Thu Aug 10 02:19:33 2017, 
8fac5ab2ecf3137daa70fec1b62c04c6, Locality 1, 02ef92c3da8dc633f17550bf6eff2759, 583035.81084484, 5636568.74872015, 50.87482644, 100.18020303, 47U, 4.00000000, 5.00000000, -1.00000000, Bedding, 60.08403015, 140.22970581, 50.22970581, -1.39611816, Phosphatic chert, Thu Aug 10 01:36:17 2017, 
8fac5ab2ecf3137daa70fec1b62c04c6, Locality 1, 790204f477a5a87212f8dc299cf29232, 583032.46220834, 5636581.55596742, 50.87494207, 100.18015835, 47U, 4.00000000, 5.00000000, -1.00000000, Bedding, 68.84474945, 148.50802612, 58.50802612, -1.39611816, Phosphatic chert, Thu Aug 10 01:22:33 2017, 
8fac5ab2ecf3137daa70fec1b62c04c6, Locality 1, e1efe9abe1ba4c4392aa68c2791f9ae0, 582997.07922876, 5636652.28184958, 50.87558303, 100.17967162, 47U, 3.00000000, 5.00000000, -1.00000000, Bedding, 70.83117676, 167.06530762, 77.06530762, -1.39611816, Cap carbonate, Wed Aug  9 20:23:07 2017, 
8fac5ab2ecf3137daa70fec1b62c04c6, Locality 1, 694adf395dbeca2aec5c9ebd215769e9, 582996.13010790, 5636652.24804205, 50.87558286, 100.17965812, 47U, 3.00000000, 5.00000000, -1.00000000, Bedding, 73.52046204, 147.96746826, 57.96746826, -1.39611816, Cap carbonate, Wed Aug  9 20:21:12 2017, 
8fac5ab2ecf3137daa70fec1b62c04c6, Locality 1, e5a726391db90189cc8dccd8ca78fcc9, 582994.25950424, 5636637.15722339, 50.87544745, 100.17962812, 47U, 4.00000000, 5.00000000, -1.00000000, Bedding, 75.11810303, 131.41986084, 41.41986084, -1.39611816, Carb breccia, Wed Aug  9 20:16:56 2017, 
8fac5ab2ecf3137daa70fec1b62c04c6, Locality 1, 1d0c4c25de1816ad7a90440918888921, 582990.64990725, 5636601.31877078, 50.87512576, 100.17956869, 47U, 12.00000000, 5.00000000, -1.00000000, Bedding, 73.00890350, 147.48020935, 57.48020935, -1.39611816, Ls bedded with phosphorite , Wed Aug  9 20:13:31 2017, 
8fac5ab2ecf3137daa70fec1b62c04c6, Locality 1, 2131757cfe1b277c35191c120b9f4f30, 584704.48190519, 5634100.24717039, 50.85239064, 100.20334312, 47U, 8.00000000, 5.00000000, -1.00000000, Bedding, 76.40220642, 60.66013336, 330.66012573, -1.39611816, Dl, Wed Aug  9 00:28:03 2017, 
8fac5ab2ecf3137daa70fec1b62c04c6, Locality 1, 11ed273486b87ae5523fa612379c9a9d, 584886.63414579, 5634061.05052162, 50.85201153, 100.20592114, 47U, 16.00000000, 10.00000000, -1.00000000, Bedding, 47.01822662, 299.58572388, 209.58572388, -1.39611816, Dl, Wed Aug  9 00:19:50 2017, 
8fac5ab2ecf3137daa70fec1b62c04c6, Locality 1, 8bd1eb7318810fd432613fb4dd14c74f, 585048.99359592, 5634654.38440677, 50.85732217, 100.20836497, 47U, 4.00000000, 5.00000000, -1.00000000, Bedding, 56.36402512, 342.05041504, 252.05041504, -1.39611816, Dl, Wed Aug  9 00:04:17 2017, 
8fac5ab2ecf3137daa70fec1b62c04c6, Locality 1, cc10ab1957ead382f311d590e7d35380, 585136.48763975, 5634718.78297402, 50.85788829, 100.20962276, 47U, 3.00000000, 5.00000000, -1.00000000, Bedding, 42.66217804, 303.92782593, 213.92782593, -1.39611816, Dl, Tue Aug  8 23:53:41 2017, 
8fac5ab2ecf3137daa70fec1b62c04c6, Locality 1, e230dc1b36e003a91248779ee96e445c, 585934.86796758, 5636961.59789909, 50.87793457, 100.22149036, 47U, 6.00000000, 5.00000000, -1.00000000, Bedding, 48.31145859, 35.61470413, 305.61471558, -1.39611816, Siltstone, Tue Aug  8 06:02:03 2017, 
8fac5ab2ecf3137daa70fec1b62c04c6, Locality 1, 0405b6aaca2f710f1d7538955f0b4a08, 584819.99121681, 5637133.99324113, 50.87964926, 100.20568712, 47U, 6.00000000, 5.00000000, -1.00000000, Bedding, 34.99351501, 272.12609863, 182.12609863, -1.39611816, Siltstone, Tue Aug  8 05:32:41 2017, 
8fac5ab2ecf3137daa70fec1b62c04c6, Locality 1, 3f10f4aff0d5f99df1df44dd4e04e536, 584545.10793068, 5637171.24125437, 50.88002443, 100.20178928, 47U, 3.00000000, 5.00000000, -1.00000000, Bedding, 66.98133850, 282.77474976, 192.77474976, -1.39611816, Siltstone, Tue Aug  8 05:01:19 2017, 
8fac5ab2ecf3137daa70fec1b62c04c6, Locality 1, 6886e13d84c455cd656a593ace65994a, 584248.28731465, 5636541.52790439, 50.87440621, 100.19742591, 47U, 3.00000000, 5.00000000, -1.00000000, Bedding, 73.55626678, 281.47122192, 191.47122192, -1.39611816, Siltstone, Tue Aug  8 05:00:56 2017, 
8fac5ab2ecf3137daa70fec1b62c04c6, Locality 1, ea86a7a04f8516936728d605ec5488cc, 584248.70880831, 5636541.36226662, 50.87440466, 100.19743186, 47U, 3.00000000, 5.00000000, -1.00000000, Bedding, 79.37621307, 153.16160583, 63.16160583, -1.39611816, Sst, Tue Aug  8 04:28:46 2017, 
8fac5ab2ecf3137daa70fec1b62c04c6, Locality 1, 89f42c439417e8fb0c66761105143279, 584254.58684005, 5636542.63692121, 50.87441526, 100.19751568, 47U, 6.00000000, 5.00000000, -1.00000000, Bedding, 83.30104065, 135.22062683, 45.22062683, -1.39611816, Sst, Tue Aug  8 04:28:07 2017, 
8fac5ab2ecf3137daa70fec1b62c04c6, Locality 1, b5e41a93ecc8b30be11f6fddbe35a016, 585034.37838015, 5636110.90121286, 50.87041944, 100.20849589, 47U, 3.00000000, 5.00000000, -1.00000000, Cleavage, 56.00674438, 347.27307129, 257.27307129, -1.39611816, Siltstone, Tue Aug  8 03:34:32 2017, 
8fac5ab2ecf3137daa70fec1b62c04c6, Locality 1, 24f6d8838f1f40ef71c651009b112155, 586341.04365130, 5636073.82542297, 50.86989239, 100.22705276, 47U, 3.00000000, 5.00000000, -1.00000000, OT, 64.25259399, 24.88826752, 294.88827515, -1.39611816, Phosphatic chert, Tue Aug  8 02:19:08 2017, 
8fac5ab2ecf3137daa70fec1b62c04c6, Locality 1, d5fb75f21eade0367f146dc66c14ed53, 586363.88635804, 5636084.80051749, 50.86998765, 100.22737990, 47U, 8.00000000, 5.00000000, -1.00000000, OT, 26.55688858, 7.98974562, 277.98974609, -1.39611816, Ls bedded with phosphorite , Tue Aug  8 02:17:29 2017, 
8fac5ab2ecf3137daa70fec1b62c04c6, Locality 1, 775d4ccbffaaf9480e35b34db4177d72, 586493.44275015, 5636057.43427058, 50.86972224, 100.22921420, 47U, 8.00000000, 5.00000000, -1.00000000, OT, 33.42380524, 346.81433105, 256.81433105, -1.39611816, Phosphatic chert, Tue Aug  8 02:10:59 2017, 
8fac5ab2ecf3137daa70fec1b62c04c6, Locality 1, f5597203da270f9cb07368717e9975e3, 586528.14147913, 5636045.11365417, 50.86960627, 100.22970429, 47U, 12.00000000, 5.00000000, -1.00000000, OT, 20.66668320, 10.00530910, 280.00531006, -1.39611816, Phosphatic chert, Tue Aug  8 02:09:00 2017, 
8fac5ab2ecf3137daa70fec1b62c04c6, Locality 1, 6986848652f9662c34ea235d3d2c5f9b, 586540.04105585, 5636023.47283813, 50.86940993, 100.22986824, 47U, 3.00000000, 5.00000000, -1.00000000, OT, 24.63309669, 48.32136154, 318.32135010, -1.39611816, Phosphatic chert, Tue Aug  8 02:01:52 2017, 
8fac5ab2ecf3137daa70fec1b62c04c6, Locality 1, a2f09008be8299b5f00ac11820de35fb, 586543.16609585, 5636023.92576765, 50.86941353, 100.22991274, 47U, 4.00000000, 5.00000000, -1.00000000, OT, 22.44050598, 52.93443298, 322.93444824, -1.39611816, Phosphatic chert, Tue Aug  8 02:00:09 2017, 
8fac5ab2ecf3137daa70fec1b62c04c6, Locality 1, 50adf917c1a626583c4b3a767f76af4e, 586552.91665048, 5636025.76629037, 50.86942862, 100.23005172, 47U, 6.00000000, 5.00000000, -1.00000000, OT, 66.08520508, 344.03366089, 254.03366089, -1.39611816, Phosphatic chert, Tue Aug  8 01:58:49 2017, 
8fac5ab2ecf3137daa70fec1b62c04c6, Locality 1, 4533246bc344154217b4a7530ba33d19, 574938.59949782, 5655861.48065083, 51.04939411, 100.06911239, 47U, 6.00000000, 5.00000000, -1.00000000, Cleavage, 38.12620544, 288.29293823, 198.29293823, -14.66300011, Unknown older, Mon Aug  7 21:51:47 2017, 
